,제목,조회수
93,1달러 대 25만 달러짜리 휴가!,115817376
68,지구의 모든 나라들이 25만 달러를 위해 싸우다,78019474
9,지구의 모든 나라들이 25만 달러를 위해 싸우다,78019474
53,aespa 에스파 'Better Things' MV,32883411
23,aespa 에스파 'Better Things' MV,32883411
63,STAYC(스테이씨) 'Bubble' MV,27085586
80,"JIHYO(지효) ""Killin' Me Good"" M/V",8269947
52,빵빵이의 체크인 ~!,3933655
46,빵빵이의 체크인 ~!,3933655
79,[사이다당] 준호 도련님 급방문으로 파견직 무시하던 갑질 상사 역관광하는 김가은✌️🔥｜ 킹더랜드 | JTBC 230805 방송,3428360
64,음식이 너무 맛있어요,3025413
26,음식이 너무 맛있어요,3025413
57,[sub] 이제는로맨스까지접수한형이랑나불,2860407
22,TOTTENHAM HOTSPUR 2-0 MANCHESTER UNITED // PREMIER LEAGUE HIGHLIGHTS,2843489
0,[한글자막] 손흥민에게 월클라인에서 누구를 뺄지 묻다,2608380
50,"[sub] 성시경의 먹을텐데 l 논현동 삼호짱뚱이 2탄 (with. 하정우,주지훈)",2488639
92,덱스와 두근두근 인도 산골도시 산책 【쇼트트립】,2251942
5,이세계아이돌 (ISEGYE IDOL) - KIDDING (키딩) Official MV,2205988
82,[백종원의 님아 그 시장을 가오_EP.31_서산] “사장님 저랑 서울 갈래요?” 매일 출근 도장 찍고 싶은 곳! 서산 분식집,2186334
94,비상사태!! 양식장이 아닙니다.. 생태계를 파괴하는 한국판 피라냐!! 한번에 수백키로씩 잡히네요..,1818049
48,비상사태!! 양식장이 아닙니다.. 생태계를 파괴하는 한국판 피라냐!! 한번에 수백키로씩 잡히네요..,1818049
8,마! 내 또 왔데이👋 부산 토박이들의 찐맛집 복수혈전🍴 | 또간집 EP.34,1803504
51,마! 내 또 왔데이👋 부산 토박이들의 찐맛집 복수혈전🍴 | 또간집 EP.34,1803504
83,(SUB)[전지적 할부지 시점] “딸부자라 행복해요” 귀여운 쌍둥이 손녀들과 친정아빠에게 아기를 맡기는 큰 딸 아이바오🐼│Panda World,1781498
86,먹지마,1702704
59,신호 대기 중이던 버스가 문 열어준 이유?!,1680457
43,"돼지갈비 후라이드 : 치킨보다 맛있다는 게 사실일까? 부산 깡통시장이 낳은 천재적인 아이디어! (탕수육, 돈가스와 완전 다름)",1677786
76,"돼지갈비 후라이드 : 치킨보다 맛있다는 게 사실일까? 부산 깡통시장이 낳은 천재적인 아이디어! (탕수육, 돈가스와 완전 다름)",1677786
55,[sub] 이제는로맨스까지접수한형이랑또나불,1548080
21,[sub] 이제는로맨스까지접수한형이랑또나불,1548080
58,[SUB] 🔥충격 실화🔥 피아노 치는 김민정 실존❗️ l EP.28 l 조현아의 목요일 밤 l 윈터 에스파 조현아,1360415
35,[SUB] 🔥충격 실화🔥 피아노 치는 김민정 실존❗️ l EP.28 l 조현아의 목요일 밤 l 윈터 에스파 조현아,1360415
4,[분데스리가] 1R 베르더 브레멘 vs 바이에른 뮌헨,1336867
75,[ENG] [스우파2/1회 예고] POWER TO POWER ⚡강자는 강자와 붙어야죠⚡ l 8월 22일 (화) 밤 10시 첫 방송 #스트릿우먼파이터2,1293793
66,[SUB] 99대장 나선욱 vs 맵찔대장 권은비 🌶매콤한 소개팅🌶 | 선넘는 맵찔이 Ep. 5,1269570
47,모든 음식이 무제한으로 나오는 멕시코 호텔 - 북중미(7),1240851
16,[MIX & MAX] NCT MARK & JISUNG (마크&지성) 'Some Minds & Voices' (4K),1078754
62,RIIZE 라이즈 'Memories' MV,1062152
2,RIIZE 라이즈 'Memories' MV,1062152
60,한국어는 넘치는데 말은 안통하는 나라⎥🇨🇳연변1,1057739
38,한국어는 넘치는데 말은 안통하는 나라⎥🇨🇳연변1,1057739
61,[9-10화 하이라이트] 항상 날 지켜주던 엄마가 다쳤다 | 남남,940080
11,[23/24시즌 리그앙] 2R 툴루즈 vs 파리 생제르맹 2분 하이라이트,938075
74,[23/24시즌 리그앙] 2R 툴루즈 vs 파리 생제르맹 2분 하이라이트,938075
78,비오는날 요쿠르트 배달해서 매출 1000만원 24살 요구르트 아가씨,867021
31,비오는날 요쿠르트 배달해서 매출 1000만원 24살 요구르트 아가씨,867021
73,[선공개🎨] '지구가 태양을 네 번' IU Live Clip (With 넬),815791
44,두 번째 만남에 가족이 되었습니다ㅣ키르기스스탄 - 세계여행 [64],799801
77,두 번째 만남에 가족이 되었습니다ㅣ키르기스스탄 - 세계여행 [64],799801
1,AKMU - ‘Love Lee’ M/V,798296
54,AKMU - ‘Love Lee’ M/V,798296
40,실전 현실육아 가보자고,779017
41,[🤰🏻vlog] 입덧이..사라지나..? 마님과 돌쇠 생활에 익숙해진 임신 중기! 열심히 먹고 쉬는 일상 (feat. 축 시누언니 셋째아기 출산),711828
88,[🤰🏻vlog] 입덧이..사라지나..? 마님과 돌쇠 생활에 익숙해진 임신 중기! 열심히 먹고 쉬는 일상 (feat. 축 시누언니 셋째아기 출산),711828
67,On the street (Feat. ASH ISLAND),676512
96,카더가든과 냥뇽녕냥과 가터벨트와 양념치킨 l 최애의 아이들 EP8,668917
28,카더가든과 냥뇽녕냥과 가터벨트와 양념치킨 l 최애의 아이들 EP8,668917
91,진짜 아무 계획 없이 떠난 홍콩 여행 EP.1 [Eng sub],620235
85,[MV] GIRL'S DAY(걸스데이) - Darling(달링)｜Cover by 주르르,600888
56,(PL 2R) 토트넘 홋스퍼 2-0 맨체스터 유나이티드 // 2분 하이라이트 (🇰🇷 한글자막),583540
3,(PL 2R) 토트넘 홋스퍼 2-0 맨체스터 유나이티드 // 2분 하이라이트 (🇰🇷 한글자막),583540
18,나한테 잘해줬던 여자,540437
72,나한테 잘해줬던 여자,540437
15,[VLOG] 5개월 아기의 첫 비행기 실패🥲😱,534545
87,[VLOG] 5개월 아기의 첫 비행기 실패🥲😱,534545
36,저는 보통 해축이 개막하면 주간모음집을 봐요｜23/24 해외축구 주간 모음.zip [EP.01],525577
71,P의 연애,452352
19,P의 연애,452352
27,"[#2/2] ""문막 엄마라고 불러요"" 배한성의 전처를 가족으로 인정한 늦둥이 아들과 찾은 묘소",447527
69,"[#2/2] ""문막 엄마라고 불러요"" 배한성의 전처를 가족으로 인정한 늦둥이 아들과 찾은 묘소",447527
34,실리카겔 (Silica Gel) - T + Tik Tak Tok (feat. So!YoON!) [MV],441904
6,미방분 하드 탈탈~ 여행 끝난김에 하드일주1 #태어난김에세계일주2,429674
70,미방분 하드 탈탈~ 여행 끝난김에 하드일주1 #태어난김에세계일주2,429674
95,마트에서 깻잎 보이면 무조건 담아오세요.👍👍 집에 있는 쌀통이 텅텅 빕니다. 깻잎요리 3가지 강쉪.,419480
65,If I have you only (My love X Nerd Connection) (그대만 있다면 (여름날 우리 X...,399998
32,"[나 혼자 산다] 깡 🍶 술 마시는 지효를 찾아온 찐친 트와이스 정연 😍 어딘가로 향하는 둘?!, MBC 230818 방송",397621
81,[후토크] 추멘 “이런 토트넘 축구는 처음” 맨유 압도했던 NEW 토트넘의 놀라운 경기력!!,371514
13,[후토크] 추멘 “이런 토트넘 축구는 처음” 맨유 압도했던 NEW 토트넘의 놀라운 경기력!!,371514
37,[유브이 녹음실] 축하의 왕 유노윤호,348801
24,남반구만 가면 풀파워 🇪🇸🛳 / 2023 FIFA 호주·뉴질랜드 여자월드컵 결승전 스페인 vs 잉글랜드 [습츠_여자월드컵],341325
25,"[연인 7회 예고] ＂왜 낭자만 보면, 심장이 이리도 요란해지는지＂, MBC 230825 방송",329087
89,"루델팡도 없는 옵션을 편집자가 가져가버렸다 ㄷㄷ [팡이요, 메이플스토리]",324163
20,"루델팡도 없는 옵션을 편집자가 가져가버렸다 ㄷㄷ [팡이요, 메이플스토리]",324163
90,가지 이제 찌지말고 이렇게 해 보세요 오래두어도 #인기급상승동영상,291972
45,아직 말은 안 통하지만 이젠 우리집 막내야,274551
29,함께 떠나는 생애 첫 해외여행! 나영이네 런던이야기 ep.1,267690
42,VLOG 하루종일 엄마!!외치는 8개월아기😍피곤에 찌든 남편과 주말육아😵,266170
84,'플레이메이커' 새롭게 찾은 토트넘의 손흥민 활용법! 포스테코글루 리그 첫 승!! (토트넘 VS 맨유),261036
17,'플레이메이커' 새롭게 찾은 토트넘의 손흥민 활용법! 포스테코글루 리그 첫 승!! (토트넘 VS 맨유),261036
7,무빙ㅣ10-11회 예고편ㅣ디즈니+,248881
33,[꼬꼬무 91회 요약] ＂국방부장관을 만나고 싶다＂ 무장 탈영병이 명동 한복판에서 벌인 초유의 인질극 | 꼬리에 꼬리를 무는 그날 이야기 (SBS방송),245061
12,TO DO X TXT - EP.116 월요일 월요일은 즐거워 2편,214752
49,하루 종일 한 가지 맛으로 만 살아남기! 어떤 맛이 제일 맛있을까?!,181390
14,[#TV동물농장] 동생바오들이 태어난 후 바오가족에게 생긴 변화🐼 / EP.1134 #TV동물농장 #AnimalFarm #SBSsotry,158886
39,🎠세상에서 제일 작은 디즈니랜드? 홍콩 디즈니랜드 VIP 투어해봄! 🎉🎉,153363
30,제주도에 처음 와본 몰도바 시골소녀의 반응 (오빠! 제주도 흑돼지 미쳤따..),95601
10,PLAVE (플레이브) '여섯 번째 여름' M/V Teaser,83933
